,Brand,Model,Pro/Perso,Department,Mileage (km),Year,Price (â‚¬)
0,RENAULT,ZOE,Particulier, 07,23634,2014,9940
1,RENAULT,ZOE,Professionnel, 29,23310,2016,9700
2,RENAULT,ZOE,Professionnel, 68,17400,2014,11640
3,RENAULT,ZOE,Professionnel, 34,20295,2016,10130
4,RENAULT,ZOE,Professionnel, 59,18390,2015,10460
5,RENAULT,ZOE,Professionnel, 91,42704,2013,10600
6,RENAULT,ZOE,Professionnel, 59,15987,2014,10120
7,RENAULT,ZOE,Professionnel, 92,33049,2014,11420
8,RENAULT,ZOE,Professionnel, 59,19397,2016,10480
9,RENAULT,ZOE,Professionnel, 30,45433,2016,9290
10,RENAULT,ZOE,Professionnel, 59,47706,2013,10240
11,RENAULT,ZOE,Professionnel, 59,29163,2016,9200
12,RENAULT,ZOE,Professionnel, 93,45109,2015,9450
13,RENAULT,ZOE,Professionnel, 49,41355,2016,11210
14,RENAULT,ZOE,Professionnel, 93,41970,2016,11340
15,RENAULT,ZOE,Professionnel, 49,69368,2014,10440
16,RENAULT,ZOE,Particulier, 07,23634,2014,9940
17,RENAULT,ZOE,Professionnel, 29,23310,2016,9700
18,RENAULT,ZOE,Professionnel, 68,17400,2014,11640
19,RENAULT,ZOE,Professionnel, 34,20295,2016,10130
20,RENAULT,ZOE,Professionnel, 59,18390,2015,10460
21,RENAULT,ZOE,Professionnel, 91,42704,2013,10600
22,RENAULT,ZOE,Professionnel, 59,15987,2014,10120
23,RENAULT,ZOE,Professionnel, 92,33049,2014,11420
24,RENAULT,ZOE,Professionnel, 59,19397,2016,10480
25,RENAULT,ZOE,Professionnel, 30,45433,2016,9290
26,RENAULT,ZOE,Professionnel, 59,47706,2013,10240
27,RENAULT,ZOE,Professionnel, 59,29163,2016,9200
28,RENAULT,ZOE,Professionnel, 93,45109,2015,9450
29,RENAULT,ZOE,Professionnel, 49,41355,2016,11210
30,RENAULT,ZOE,Professionnel, 93,41970,2016,11340
31,RENAULT,ZOE,Professionnel, 49,69368,2014,10440
32,RENAULT,ZOE,Particulier, 07,23634,2014,9940
33,RENAULT,ZOE,Professionnel, 29,23310,2016,9700
34,RENAULT,ZOE,Professionnel, 68,17400,2014,11640
35,RENAULT,ZOE,Professionnel, 34,20295,2016,10130
36,RENAULT,ZOE,Professionnel, 59,18390,2015,10460
37,RENAULT,ZOE,Professionnel, 91,42704,2013,10600
38,RENAULT,ZOE,Professionnel, 59,15987,2014,10120
39,RENAULT,ZOE,Professionnel, 92,33049,2014,11420
40,RENAULT,ZOE,Professionnel, 59,19397,2016,10480
41,RENAULT,ZOE,Professionnel, 30,45433,2016,9290
42,RENAULT,ZOE,Professionnel, 59,47706,2013,10240
43,RENAULT,ZOE,Professionnel, 59,29163,2016,9200
44,RENAULT,ZOE,Professionnel, 93,45109,2015,9450
45,RENAULT,ZOE,Professionnel, 49,41355,2016,11210
46,RENAULT,ZOE,Professionnel, 93,41970,2016,11340
47,RENAULT,ZOE,Professionnel, 49,69368,2014,10440
48,RENAULT,ZOE,Particulier, 07,23634,2014,9940
49,RENAULT,ZOE,Professionnel, 29,23310,2016,9700
50,RENAULT,ZOE,Professionnel, 68,17400,2014,11640
51,RENAULT,ZOE,Professionnel, 34,20295,2016,10130
52,RENAULT,ZOE,Professionnel, 59,18390,2015,10460
53,RENAULT,ZOE,Professionnel, 91,42704,2013,10600
54,RENAULT,ZOE,Professionnel, 59,15987,2014,10120
55,RENAULT,ZOE,Professionnel, 92,33049,2014,11420
56,RENAULT,ZOE,Professionnel, 59,19397,2016,10480
57,RENAULT,ZOE,Professionnel, 30,45433,2016,9290
58,RENAULT,ZOE,Professionnel, 59,47706,2013,10240
59,RENAULT,ZOE,Professionnel, 59,29163,2016,9200
60,RENAULT,ZOE,Professionnel, 93,45109,2015,9450
61,RENAULT,ZOE,Professionnel, 49,41355,2016,11210
62,RENAULT,ZOE,Professionnel, 93,41970,2016,11340
63,RENAULT,ZOE,Professionnel, 49,69368,2014,10440
64,RENAULT,ZOE,Particulier, 07,23634,2014,9940
65,RENAULT,ZOE,Professionnel, 29,23310,2016,9700
66,RENAULT,ZOE,Professionnel, 68,17400,2014,11640
67,RENAULT,ZOE,Professionnel, 34,20295,2016,10130
68,RENAULT,ZOE,Professionnel, 59,18390,2015,10460
69,RENAULT,ZOE,Professionnel, 91,42704,2013,10600
70,RENAULT,ZOE,Professionnel, 59,15987,2014,10120
71,RENAULT,ZOE,Professionnel, 92,33049,2014,11420
72,RENAULT,ZOE,Professionnel, 59,19397,2016,10480
73,RENAULT,ZOE,Professionnel, 30,45433,2016,9290
74,RENAULT,ZOE,Professionnel, 59,47706,2013,10240
75,RENAULT,ZOE,Professionnel, 59,29163,2016,9200
76,RENAULT,ZOE,Professionnel, 93,45109,2015,9450
77,RENAULT,ZOE,Professionnel, 49,41355,2016,11210
78,RENAULT,ZOE,Professionnel, 93,41970,2016,11340
79,RENAULT,ZOE,Professionnel, 49,69368,2014,10440
80,RENAULT,ZOE,Particulier, 07,23634,2014,9940
81,RENAULT,ZOE,Professionnel, 29,23310,2016,9700
82,RENAULT,ZOE,Professionnel, 68,17400,2014,11640
83,RENAULT,ZOE,Professionnel, 34,20295,2016,10130
84,RENAULT,ZOE,Professionnel, 59,18390,2015,10460
85,RENAULT,ZOE,Professionnel, 91,42704,2013,10600
86,RENAULT,ZOE,Professionnel, 59,15987,2014,10120
87,RENAULT,ZOE,Professionnel, 92,33049,2014,11420
88,RENAULT,ZOE,Professionnel, 59,19397,2016,10480
89,RENAULT,ZOE,Professionnel, 30,45433,2016,9290
90,RENAULT,ZOE,Professionnel, 59,47706,2013,10240
91,RENAULT,ZOE,Professionnel, 59,29163,2016,9200
92,RENAULT,ZOE,Professionnel, 93,45109,2015,9450
93,RENAULT,ZOE,Professionnel, 49,41355,2016,11210
94,RENAULT,ZOE,Professionnel, 93,41970,2016,11340
95,RENAULT,ZOE,Professionnel, 49,69368,2014,10440
96,RENAULT,ZOE,Particulier, 07,23634,2014,9940
97,RENAULT,ZOE,Professionnel, 29,23310,2016,9700
98,RENAULT,ZOE,Professionnel, 68,17400,2014,11640
99,RENAULT,ZOE,Professionnel, 34,20295,2016,10130
100,RENAULT,ZOE,Professionnel, 59,18390,2015,10460
101,RENAULT,ZOE,Professionnel, 91,42704,2013,10600
102,RENAULT,ZOE,Professionnel, 59,15987,2014,10120
103,RENAULT,ZOE,Professionnel, 92,33049,2014,11420
104,RENAULT,ZOE,Professionnel, 59,19397,2016,10480
105,RENAULT,ZOE,Professionnel, 30,45433,2016,9290
106,RENAULT,ZOE,Professionnel, 59,47706,2013,10240
107,RENAULT,ZOE,Professionnel, 59,29163,2016,9200
108,RENAULT,ZOE,Professionnel, 93,45109,2015,9450
109,RENAULT,ZOE,Professionnel, 49,41355,2016,11210
110,RENAULT,ZOE,Professionnel, 93,41970,2016,11340
111,RENAULT,ZOE,Professionnel, 49,69368,2014,10440
112,RENAULT,ZOE,Particulier, 07,23634,2014,9940
113,RENAULT,ZOE,Professionnel, 29,23310,2016,9700
114,RENAULT,ZOE,Professionnel, 68,17400,2014,11640
115,RENAULT,ZOE,Professionnel, 34,20295,2016,10130
116,RENAULT,ZOE,Professionnel, 59,18390,2015,10460
117,RENAULT,ZOE,Professionnel, 91,42704,2013,10600
118,RENAULT,ZOE,Professionnel, 59,15987,2014,10120
119,RENAULT,ZOE,Professionnel, 92,33049,2014,11420
120,RENAULT,ZOE,Professionnel, 59,19397,2016,10480
121,RENAULT,ZOE,Professionnel, 30,45433,2016,9290
122,RENAULT,ZOE,Professionnel, 59,47706,2013,10240
123,RENAULT,ZOE,Professionnel, 59,29163,2016,9200
124,RENAULT,ZOE,Professionnel, 93,45109,2015,9450
125,RENAULT,ZOE,Professionnel, 49,41355,2016,11210
126,RENAULT,ZOE,Professionnel, 93,41970,2016,11340
127,RENAULT,ZOE,Professionnel, 49,69368,2014,10440
128,RENAULT,ZOE,Particulier, 07,23634,2014,9940
129,RENAULT,ZOE,Professionnel, 29,23310,2016,9700
130,RENAULT,ZOE,Professionnel, 68,17400,2014,11640
131,RENAULT,ZOE,Professionnel, 34,20295,2016,10130
132,RENAULT,ZOE,Professionnel, 59,18390,2015,10460
133,RENAULT,ZOE,Professionnel, 91,42704,2013,10600
134,RENAULT,ZOE,Professionnel, 59,15987,2014,10120
135,RENAULT,ZOE,Professionnel, 92,33049,2014,11420
136,RENAULT,ZOE,Professionnel, 59,19397,2016,10480
137,RENAULT,ZOE,Professionnel, 30,45433,2016,9290
138,RENAULT,ZOE,Professionnel, 59,47706,2013,10240
139,RENAULT,ZOE,Professionnel, 59,29163,2016,9200
140,RENAULT,ZOE,Professionnel, 93,45109,2015,9450
141,RENAULT,ZOE,Professionnel, 49,41355,2016,11210
142,RENAULT,ZOE,Professionnel, 93,41970,2016,11340
143,RENAULT,ZOE,Professionnel, 49,69368,2014,10440
144,RENAULT,ZOE,Particulier, 07,23634,2014,9940
145,RENAULT,ZOE,Professionnel, 29,23310,2016,9700
146,RENAULT,ZOE,Professionnel, 68,17400,2014,11640
147,RENAULT,ZOE,Professionnel, 34,20295,2016,10130
148,RENAULT,ZOE,Professionnel, 59,18390,2015,10460
149,RENAULT,ZOE,Professionnel, 91,42704,2013,10600
150,RENAULT,ZOE,Professionnel, 59,15987,2014,10120
151,RENAULT,ZOE,Professionnel, 92,33049,2014,11420
152,RENAULT,ZOE,Professionnel, 59,19397,2016,10480
153,RENAULT,ZOE,Professionnel, 30,45433,2016,9290
154,RENAULT,ZOE,Professionnel, 59,47706,2013,10240
155,RENAULT,ZOE,Professionnel, 59,29163,2016,9200
156,RENAULT,ZOE,Professionnel, 93,45109,2015,9450
157,RENAULT,ZOE,Professionnel, 49,41355,2016,11210
158,RENAULT,ZOE,Professionnel, 93,41970,2016,11340
159,RENAULT,ZOE,Professionnel, 49,69368,2014,10440
160,RENAULT,ZOE,Particulier, 07,23634,2014,9940
161,RENAULT,ZOE,Professionnel, 29,23310,2016,9700
162,RENAULT,ZOE,Professionnel, 68,17400,2014,11640
163,RENAULT,ZOE,Professionnel, 34,20295,2016,10130
164,RENAULT,ZOE,Professionnel, 59,18390,2015,10460
165,RENAULT,ZOE,Professionnel, 91,42704,2013,10600
166,RENAULT,ZOE,Professionnel, 59,15987,2014,10120
167,RENAULT,ZOE,Professionnel, 92,33049,2014,11420
168,RENAULT,ZOE,Professionnel, 59,19397,2016,10480
169,RENAULT,ZOE,Professionnel, 30,45433,2016,9290
170,RENAULT,ZOE,Professionnel, 59,47706,2013,10240
171,RENAULT,ZOE,Professionnel, 59,29163,2016,9200
172,RENAULT,ZOE,Professionnel, 93,45109,2015,9450
173,RENAULT,ZOE,Professionnel, 49,41355,2016,11210
174,RENAULT,ZOE,Professionnel, 93,41970,2016,11340
175,RENAULT,ZOE,Professionnel, 49,69368,2014,10440
176,RENAULT,ZOE,Particulier, 07,23634,2014,9940
177,RENAULT,ZOE,Professionnel, 29,23310,2016,9700
178,RENAULT,ZOE,Professionnel, 68,17400,2014,11640
179,RENAULT,ZOE,Professionnel, 34,20295,2016,10130
180,RENAULT,ZOE,Professionnel, 59,18390,2015,10460
181,RENAULT,ZOE,Professionnel, 91,42704,2013,10600
182,RENAULT,ZOE,Professionnel, 59,15987,2014,10120
183,RENAULT,ZOE,Professionnel, 92,33049,2014,11420
184,RENAULT,ZOE,Professionnel, 59,19397,2016,10480
185,RENAULT,ZOE,Professionnel, 30,45433,2016,9290
186,RENAULT,ZOE,Professionnel, 59,47706,2013,10240
187,RENAULT,ZOE,Professionnel, 59,29163,2016,9200
188,RENAULT,ZOE,Professionnel, 93,45109,2015,9450
189,RENAULT,ZOE,Professionnel, 49,41355,2016,11210
190,RENAULT,ZOE,Professionnel, 93,41970,2016,11340
191,RENAULT,ZOE,Professionnel, 49,69368,2014,10440
192,RENAULT,ZOE,Particulier, 07,23634,2014,9940
193,RENAULT,ZOE,Professionnel, 29,23310,2016,9700
194,RENAULT,ZOE,Professionnel, 68,17400,2014,11640
195,RENAULT,ZOE,Professionnel, 34,20295,2016,10130
196,RENAULT,ZOE,Professionnel, 59,18390,2015,10460
197,RENAULT,ZOE,Professionnel, 91,42704,2013,10600
198,RENAULT,ZOE,Professionnel, 59,15987,2014,10120
199,RENAULT,ZOE,Professionnel, 92,33049,2014,11420
200,RENAULT,ZOE,Professionnel, 59,19397,2016,10480
201,RENAULT,ZOE,Professionnel, 30,45433,2016,9290
202,RENAULT,ZOE,Professionnel, 59,47706,2013,10240
203,RENAULT,ZOE,Professionnel, 59,29163,2016,9200
204,RENAULT,ZOE,Professionnel, 93,45109,2015,9450
205,RENAULT,ZOE,Professionnel, 49,41355,2016,11210
206,RENAULT,ZOE,Professionnel, 93,41970,2016,11340
207,RENAULT,ZOE,Professionnel, 49,69368,2014,10440
208,RENAULT,ZOE,Particulier, 07,23634,2014,9940
209,RENAULT,ZOE,Professionnel, 29,23310,2016,9700
210,RENAULT,ZOE,Professionnel, 68,17400,2014,11640
211,RENAULT,ZOE,Professionnel, 34,20295,2016,10130
212,RENAULT,ZOE,Professionnel, 59,18390,2015,10460
213,RENAULT,ZOE,Professionnel, 91,42704,2013,10600
214,RENAULT,ZOE,Professionnel, 59,15987,2014,10120
215,RENAULT,ZOE,Professionnel, 92,33049,2014,11420
216,RENAULT,ZOE,Professionnel, 59,19397,2016,10480
217,RENAULT,ZOE,Professionnel, 30,45433,2016,9290
218,RENAULT,ZOE,Professionnel, 59,47706,2013,10240
219,RENAULT,ZOE,Professionnel, 59,29163,2016,9200
220,RENAULT,ZOE,Professionnel, 93,45109,2015,9450
221,RENAULT,ZOE,Professionnel, 49,41355,2016,11210
222,RENAULT,ZOE,Professionnel, 93,41970,2016,11340
223,RENAULT,ZOE,Professionnel, 49,69368,2014,10440
224,RENAULT,ZOE,Particulier, 07,23634,2014,9940
225,RENAULT,ZOE,Professionnel, 29,23310,2016,9700
226,RENAULT,ZOE,Professionnel, 68,17400,2014,11640
227,RENAULT,ZOE,Professionnel, 34,20295,2016,10130
228,RENAULT,ZOE,Professionnel, 59,18390,2015,10460
229,RENAULT,ZOE,Professionnel, 91,42704,2013,10600
230,RENAULT,ZOE,Professionnel, 59,15987,2014,10120
231,RENAULT,ZOE,Professionnel, 92,33049,2014,11420
232,RENAULT,ZOE,Professionnel, 59,19397,2016,10480
233,RENAULT,ZOE,Professionnel, 30,45433,2016,9290
234,RENAULT,ZOE,Professionnel, 59,47706,2013,10240
235,RENAULT,ZOE,Professionnel, 59,29163,2016,9200
236,RENAULT,ZOE,Professionnel, 93,45109,2015,9450
237,RENAULT,ZOE,Professionnel, 49,41355,2016,11210
238,RENAULT,ZOE,Professionnel, 93,41970,2016,11340
239,RENAULT,ZOE,Professionnel, 49,69368,2014,10440
240,RENAULT,ZOE,Particulier, 07,23634,2014,9940
241,RENAULT,ZOE,Professionnel, 29,23310,2016,9700
242,RENAULT,ZOE,Professionnel, 68,17400,2014,11640
243,RENAULT,ZOE,Professionnel, 34,20295,2016,10130
244,RENAULT,ZOE,Professionnel, 59,18390,2015,10460
245,RENAULT,ZOE,Professionnel, 91,42704,2013,10600
246,RENAULT,ZOE,Professionnel, 59,15987,2014,10120
247,RENAULT,ZOE,Professionnel, 92,33049,2014,11420
248,RENAULT,ZOE,Professionnel, 59,19397,2016,10480
249,RENAULT,ZOE,Professionnel, 30,45433,2016,9290
250,RENAULT,ZOE,Professionnel, 59,47706,2013,10240
251,RENAULT,ZOE,Professionnel, 59,29163,2016,9200
252,RENAULT,ZOE,Professionnel, 93,45109,2015,9450
253,RENAULT,ZOE,Professionnel, 49,41355,2016,11210
254,RENAULT,ZOE,Professionnel, 93,41970,2016,11340
255,RENAULT,ZOE,Professionnel, 49,69368,2014,10440
256,RENAULT,ZOE,Particulier, 07,23634,2014,9940
257,RENAULT,ZOE,Professionnel, 29,23310,2016,9700
258,RENAULT,ZOE,Professionnel, 68,17400,2014,11640
259,RENAULT,ZOE,Professionnel, 34,20295,2016,10130
260,RENAULT,ZOE,Professionnel, 59,18390,2015,10460
261,RENAULT,ZOE,Professionnel, 91,42704,2013,10600
262,RENAULT,ZOE,Professionnel, 59,15987,2014,10120
263,RENAULT,ZOE,Professionnel, 92,33049,2014,11420
264,RENAULT,ZOE,Professionnel, 59,19397,2016,10480
265,RENAULT,ZOE,Professionnel, 30,45433,2016,9290
266,RENAULT,ZOE,Professionnel, 59,47706,2013,10240
267,RENAULT,ZOE,Professionnel, 59,29163,2016,9200
268,RENAULT,ZOE,Professionnel, 93,45109,2015,9450
269,RENAULT,ZOE,Professionnel, 49,41355,2016,11210
270,RENAULT,ZOE,Professionnel, 93,41970,2016,11340
271,RENAULT,ZOE,Professionnel, 49,69368,2014,10440
272,RENAULT,ZOE,Particulier, 07,23634,2014,9940
273,RENAULT,ZOE,Professionnel, 29,23310,2016,9700
274,RENAULT,ZOE,Professionnel, 68,17400,2014,11640
275,RENAULT,ZOE,Professionnel, 34,20295,2016,10130
276,RENAULT,ZOE,Professionnel, 59,18390,2015,10460
277,RENAULT,ZOE,Professionnel, 91,42704,2013,10600
278,RENAULT,ZOE,Professionnel, 59,15987,2014,10120
279,RENAULT,ZOE,Professionnel, 92,33049,2014,11420
280,RENAULT,ZOE,Professionnel, 59,19397,2016,10480
281,RENAULT,ZOE,Professionnel, 30,45433,2016,9290
282,RENAULT,ZOE,Professionnel, 59,47706,2013,10240
283,RENAULT,ZOE,Professionnel, 59,29163,2016,9200
284,RENAULT,ZOE,Professionnel, 93,45109,2015,9450
285,RENAULT,ZOE,Professionnel, 49,41355,2016,11210
286,RENAULT,ZOE,Professionnel, 93,41970,2016,11340
287,RENAULT,ZOE,Professionnel, 49,69368,2014,10440
288,RENAULT,ZOE,Particulier, 07,23634,2014,9940
289,RENAULT,ZOE,Professionnel, 29,23310,2016,9700
290,RENAULT,ZOE,Professionnel, 68,17400,2014,11640
291,RENAULT,ZOE,Professionnel, 34,20295,2016,10130
292,RENAULT,ZOE,Professionnel, 59,18390,2015,10460
293,RENAULT,ZOE,Professionnel, 91,42704,2013,10600
294,RENAULT,ZOE,Professionnel, 59,15987,2014,10120
295,RENAULT,ZOE,Professionnel, 92,33049,2014,11420
296,RENAULT,ZOE,Professionnel, 59,19397,2016,10480
297,RENAULT,ZOE,Professionnel, 30,45433,2016,9290
298,RENAULT,ZOE,Professionnel, 59,47706,2013,10240
299,RENAULT,ZOE,Professionnel, 59,29163,2016,9200
300,RENAULT,ZOE,Professionnel, 93,45109,2015,9450
301,RENAULT,ZOE,Professionnel, 49,41355,2016,11210
302,RENAULT,ZOE,Professionnel, 93,41970,2016,11340
303,RENAULT,ZOE,Professionnel, 49,69368,2014,10440
304,RENAULT,ZOE,Particulier, 07,23634,2014,9940
305,RENAULT,ZOE,Professionnel, 29,23310,2016,9700
306,RENAULT,ZOE,Professionnel, 68,17400,2014,11640
307,RENAULT,ZOE,Professionnel, 34,20295,2016,10130
308,RENAULT,ZOE,Professionnel, 59,18390,2015,10460
309,RENAULT,ZOE,Professionnel, 91,42704,2013,10600
310,RENAULT,ZOE,Professionnel, 59,15987,2014,10120
311,RENAULT,ZOE,Professionnel, 92,33049,2014,11420
312,RENAULT,ZOE,Professionnel, 59,19397,2016,10480
313,RENAULT,ZOE,Professionnel, 30,45433,2016,9290
314,RENAULT,ZOE,Professionnel, 59,47706,2013,10240
315,RENAULT,ZOE,Professionnel, 59,29163,2016,9200
316,RENAULT,ZOE,Professionnel, 93,45109,2015,9450
317,RENAULT,ZOE,Professionnel, 49,41355,2016,11210
318,RENAULT,ZOE,Professionnel, 93,41970,2016,11340
319,RENAULT,ZOE,Professionnel, 49,69368,2014,10440
320,RENAULT,ZOE,Particulier, 07,23634,2014,9940
321,RENAULT,ZOE,Professionnel, 29,23310,2016,9700
322,RENAULT,ZOE,Professionnel, 68,17400,2014,11640
323,RENAULT,ZOE,Professionnel, 34,20295,2016,10130
324,RENAULT,ZOE,Professionnel, 59,18390,2015,10460
325,RENAULT,ZOE,Professionnel, 91,42704,2013,10600
326,RENAULT,ZOE,Professionnel, 59,15987,2014,10120
327,RENAULT,ZOE,Professionnel, 92,33049,2014,11420
328,RENAULT,ZOE,Professionnel, 59,19397,2016,10480
329,RENAULT,ZOE,Professionnel, 30,45433,2016,9290
330,RENAULT,ZOE,Professionnel, 59,47706,2013,10240
331,RENAULT,ZOE,Professionnel, 59,29163,2016,9200
332,RENAULT,ZOE,Professionnel, 93,45109,2015,9450
333,RENAULT,ZOE,Professionnel, 49,41355,2016,11210
334,RENAULT,ZOE,Professionnel, 93,41970,2016,11340
335,RENAULT,ZOE,Professionnel, 49,69368,2014,10440
336,RENAULT,ZOE,Particulier, 07,23634,2014,9940
337,RENAULT,ZOE,Professionnel, 29,23310,2016,9700
338,RENAULT,ZOE,Professionnel, 68,17400,2014,11640
339,RENAULT,ZOE,Professionnel, 34,20295,2016,10130
340,RENAULT,ZOE,Professionnel, 59,18390,2015,10460
341,RENAULT,ZOE,Professionnel, 91,42704,2013,10600
342,RENAULT,ZOE,Professionnel, 59,15987,2014,10120
343,RENAULT,ZOE,Professionnel, 92,33049,2014,11420
344,RENAULT,ZOE,Professionnel, 59,19397,2016,10480
345,RENAULT,ZOE,Professionnel, 30,45433,2016,9290
346,RENAULT,ZOE,Professionnel, 59,47706,2013,10240
347,RENAULT,ZOE,Professionnel, 59,29163,2016,9200
348,RENAULT,ZOE,Professionnel, 93,45109,2015,9450
349,RENAULT,ZOE,Professionnel, 49,41355,2016,11210
350,RENAULT,ZOE,Professionnel, 93,41970,2016,11340
351,RENAULT,ZOE,Professionnel, 49,69368,2014,10440
352,RENAULT,ZOE,Particulier, 07,23634,2014,9940
353,RENAULT,ZOE,Professionnel, 29,23310,2016,9700
354,RENAULT,ZOE,Professionnel, 68,17400,2014,11640
355,RENAULT,ZOE,Professionnel, 34,20295,2016,10130
356,RENAULT,ZOE,Professionnel, 59,18390,2015,10460
357,RENAULT,ZOE,Professionnel, 91,42704,2013,10600
358,RENAULT,ZOE,Professionnel, 59,15987,2014,10120
359,RENAULT,ZOE,Professionnel, 92,33049,2014,11420
360,RENAULT,ZOE,Professionnel, 59,19397,2016,10480
361,RENAULT,ZOE,Professionnel, 30,45433,2016,9290
362,RENAULT,ZOE,Professionnel, 59,47706,2013,10240
363,RENAULT,ZOE,Professionnel, 59,29163,2016,9200
364,RENAULT,ZOE,Professionnel, 93,45109,2015,9450
365,RENAULT,ZOE,Professionnel, 49,41355,2016,11210
366,RENAULT,ZOE,Professionnel, 93,41970,2016,11340
367,RENAULT,ZOE,Professionnel, 49,69368,2014,10440
368,RENAULT,ZOE,Particulier, 07,23634,2014,9940
369,RENAULT,ZOE,Professionnel, 29,23310,2016,9700
370,RENAULT,ZOE,Professionnel, 68,17400,2014,11640
371,RENAULT,ZOE,Professionnel, 34,20295,2016,10130
372,RENAULT,ZOE,Professionnel, 59,18390,2015,10460
373,RENAULT,ZOE,Professionnel, 91,42704,2013,10600
374,RENAULT,ZOE,Professionnel, 59,15987,2014,10120
375,RENAULT,ZOE,Professionnel, 92,33049,2014,11420
376,RENAULT,ZOE,Professionnel, 59,19397,2016,10480
377,RENAULT,ZOE,Professionnel, 30,45433,2016,9290
378,RENAULT,ZOE,Professionnel, 59,47706,2013,10240
379,RENAULT,ZOE,Professionnel, 59,29163,2016,9200
380,RENAULT,ZOE,Professionnel, 93,45109,2015,9450
381,RENAULT,ZOE,Professionnel, 49,41355,2016,11210
382,RENAULT,ZOE,Professionnel, 93,41970,2016,11340
383,RENAULT,ZOE,Professionnel, 49,69368,2014,10440
384,RENAULT,ZOE,Particulier, 07,23634,2014,9940
385,RENAULT,ZOE,Professionnel, 29,23310,2016,9700
386,RENAULT,ZOE,Professionnel, 68,17400,2014,11640
387,RENAULT,ZOE,Professionnel, 34,20295,2016,10130
388,RENAULT,ZOE,Professionnel, 59,18390,2015,10460
389,RENAULT,ZOE,Professionnel, 91,42704,2013,10600
390,RENAULT,ZOE,Professionnel, 59,15987,2014,10120
391,RENAULT,ZOE,Professionnel, 92,33049,2014,11420
392,RENAULT,ZOE,Professionnel, 59,19397,2016,10480
393,RENAULT,ZOE,Professionnel, 30,45433,2016,9290
394,RENAULT,ZOE,Professionnel, 59,47706,2013,10240
395,RENAULT,ZOE,Professionnel, 59,29163,2016,9200
396,RENAULT,ZOE,Professionnel, 93,45109,2015,9450
397,RENAULT,ZOE,Professionnel, 49,41355,2016,11210
398,RENAULT,ZOE,Professionnel, 93,41970,2016,11340
399,RENAULT,ZOE,Professionnel, 49,69368,2014,10440
400,RENAULT,ZOE,Particulier, 07,23634,2014,9940
401,RENAULT,ZOE,Professionnel, 29,23310,2016,9700
402,RENAULT,ZOE,Professionnel, 68,17400,2014,11640
403,RENAULT,ZOE,Professionnel, 34,20295,2016,10130
404,RENAULT,ZOE,Professionnel, 59,18390,2015,10460
405,RENAULT,ZOE,Professionnel, 91,42704,2013,10600
406,RENAULT,ZOE,Professionnel, 59,15987,2014,10120
407,RENAULT,ZOE,Professionnel, 92,33049,2014,11420
408,RENAULT,ZOE,Professionnel, 59,19397,2016,10480
409,RENAULT,ZOE,Professionnel, 30,45433,2016,9290
410,RENAULT,ZOE,Professionnel, 59,47706,2013,10240
411,RENAULT,ZOE,Professionnel, 59,29163,2016,9200
412,RENAULT,ZOE,Professionnel, 93,45109,2015,9450
413,RENAULT,ZOE,Professionnel, 49,41355,2016,11210
414,RENAULT,ZOE,Professionnel, 93,41970,2016,11340
415,RENAULT,ZOE,Professionnel, 49,69368,2014,10440
416,RENAULT,ZOE,Particulier, 07,23634,2014,9940
417,RENAULT,ZOE,Professionnel, 29,23310,2016,9700
418,RENAULT,ZOE,Professionnel, 68,17400,2014,11640
419,RENAULT,ZOE,Professionnel, 34,20295,2016,10130
420,RENAULT,ZOE,Professionnel, 59,18390,2015,10460
421,RENAULT,ZOE,Professionnel, 91,42704,2013,10600
422,RENAULT,ZOE,Professionnel, 59,15987,2014,10120
423,RENAULT,ZOE,Professionnel, 92,33049,2014,11420
424,RENAULT,ZOE,Professionnel, 59,19397,2016,10480
425,RENAULT,ZOE,Professionnel, 30,45433,2016,9290
426,RENAULT,ZOE,Professionnel, 59,47706,2013,10240
427,RENAULT,ZOE,Professionnel, 59,29163,2016,9200
428,RENAULT,ZOE,Professionnel, 93,45109,2015,9450
429,RENAULT,ZOE,Professionnel, 49,41355,2016,11210
430,RENAULT,ZOE,Professionnel, 93,41970,2016,11340
431,RENAULT,ZOE,Professionnel, 49,69368,2014,10440
432,RENAULT,ZOE,Particulier, 07,23634,2014,9940
433,RENAULT,ZOE,Professionnel, 29,23310,2016,9700
434,RENAULT,ZOE,Professionnel, 68,17400,2014,11640
435,RENAULT,ZOE,Professionnel, 34,20295,2016,10130
436,RENAULT,ZOE,Professionnel, 59,18390,2015,10460
437,RENAULT,ZOE,Professionnel, 91,42704,2013,10600
438,RENAULT,ZOE,Professionnel, 59,15987,2014,10120
439,RENAULT,ZOE,Professionnel, 92,33049,2014,11420
440,RENAULT,ZOE,Professionnel, 59,19397,2016,10480
441,RENAULT,ZOE,Professionnel, 30,45433,2016,9290
442,RENAULT,ZOE,Professionnel, 59,47706,2013,10240
443,RENAULT,ZOE,Professionnel, 59,29163,2016,9200
444,RENAULT,ZOE,Professionnel, 93,45109,2015,9450
445,RENAULT,ZOE,Professionnel, 49,41355,2016,11210
446,RENAULT,ZOE,Professionnel, 93,41970,2016,11340
447,RENAULT,ZOE,Professionnel, 49,69368,2014,10440
448,RENAULT,ZOE,Particulier, 07,23634,2014,9940
449,RENAULT,ZOE,Professionnel, 29,23310,2016,9700
450,RENAULT,ZOE,Professionnel, 68,17400,2014,11640
451,RENAULT,ZOE,Professionnel, 34,20295,2016,10130
452,RENAULT,ZOE,Professionnel, 59,18390,2015,10460
453,RENAULT,ZOE,Professionnel, 91,42704,2013,10600
454,RENAULT,ZOE,Professionnel, 59,15987,2014,10120
455,RENAULT,ZOE,Professionnel, 92,33049,2014,11420
456,RENAULT,ZOE,Professionnel, 59,19397,2016,10480
457,RENAULT,ZOE,Professionnel, 30,45433,2016,9290
458,RENAULT,ZOE,Professionnel, 59,47706,2013,10240
459,RENAULT,ZOE,Professionnel, 59,29163,2016,9200
460,RENAULT,ZOE,Professionnel, 93,45109,2015,9450
461,RENAULT,ZOE,Professionnel, 49,41355,2016,11210
462,RENAULT,ZOE,Professionnel, 93,41970,2016,11340
463,RENAULT,ZOE,Professionnel, 49,69368,2014,10440
464,RENAULT,ZOE,Particulier, 07,23634,2014,9940
465,RENAULT,ZOE,Professionnel, 29,23310,2016,9700
466,RENAULT,ZOE,Professionnel, 68,17400,2014,11640
467,RENAULT,ZOE,Professionnel, 34,20295,2016,10130
468,RENAULT,ZOE,Professionnel, 59,18390,2015,10460
469,RENAULT,ZOE,Professionnel, 91,42704,2013,10600
470,RENAULT,ZOE,Professionnel, 59,15987,2014,10120
471,RENAULT,ZOE,Professionnel, 92,33049,2014,11420
472,RENAULT,ZOE,Professionnel, 59,19397,2016,10480
473,RENAULT,ZOE,Professionnel, 30,45433,2016,9290
474,RENAULT,ZOE,Professionnel, 59,47706,2013,10240
475,RENAULT,ZOE,Professionnel, 59,29163,2016,9200
476,RENAULT,ZOE,Professionnel, 93,45109,2015,9450
477,RENAULT,ZOE,Professionnel, 49,41355,2016,11210
478,RENAULT,ZOE,Professionnel, 93,41970,2016,11340
479,RENAULT,ZOE,Professionnel, 49,69368,2014,10440
480,RENAULT,ZOE,Particulier, 07,23634,2014,9940
481,RENAULT,ZOE,Professionnel, 29,23310,2016,9700
482,RENAULT,ZOE,Professionnel, 68,17400,2014,11640
483,RENAULT,ZOE,Professionnel, 34,20295,2016,10130
484,RENAULT,ZOE,Professionnel, 59,18390,2015,10460
485,RENAULT,ZOE,Professionnel, 91,42704,2013,10600
486,RENAULT,ZOE,Professionnel, 59,15987,2014,10120
487,RENAULT,ZOE,Professionnel, 92,33049,2014,11420
488,RENAULT,ZOE,Professionnel, 59,19397,2016,10480
489,RENAULT,ZOE,Professionnel, 30,45433,2016,9290
490,RENAULT,ZOE,Professionnel, 59,47706,2013,10240
491,RENAULT,ZOE,Professionnel, 59,29163,2016,9200
492,RENAULT,ZOE,Professionnel, 93,45109,2015,9450
493,RENAULT,ZOE,Professionnel, 49,41355,2016,11210
494,RENAULT,ZOE,Professionnel, 93,41970,2016,11340
495,RENAULT,ZOE,Professionnel, 49,69368,2014,10440
496,RENAULT,ZOE,Particulier, 07,23634,2014,9940
497,RENAULT,ZOE,Professionnel, 29,23310,2016,9700
498,RENAULT,ZOE,Professionnel, 68,17400,2014,11640
499,RENAULT,ZOE,Professionnel, 34,20295,2016,10130
500,RENAULT,ZOE,Professionnel, 59,18390,2015,10460
501,RENAULT,ZOE,Professionnel, 91,42704,2013,10600
502,RENAULT,ZOE,Professionnel, 59,15987,2014,10120
503,RENAULT,ZOE,Professionnel, 92,33049,2014,11420
504,RENAULT,ZOE,Professionnel, 59,19397,2016,10480
505,RENAULT,ZOE,Professionnel, 30,45433,2016,9290
506,RENAULT,ZOE,Professionnel, 59,47706,2013,10240
507,RENAULT,ZOE,Professionnel, 59,29163,2016,9200
508,RENAULT,ZOE,Professionnel, 93,45109,2015,9450
509,RENAULT,ZOE,Professionnel, 49,41355,2016,11210
510,RENAULT,ZOE,Professionnel, 93,41970,2016,11340
511,RENAULT,ZOE,Professionnel, 49,69368,2014,10440
512,RENAULT,ZOE,Particulier, 07,23634,2014,9940
513,RENAULT,ZOE,Professionnel, 29,23310,2016,9700
514,RENAULT,ZOE,Professionnel, 68,17400,2014,11640
515,RENAULT,ZOE,Professionnel, 34,20295,2016,10130
516,RENAULT,ZOE,Professionnel, 59,18390,2015,10460
517,RENAULT,ZOE,Professionnel, 91,42704,2013,10600
518,RENAULT,ZOE,Professionnel, 59,15987,2014,10120
519,RENAULT,ZOE,Professionnel, 92,33049,2014,11420
520,RENAULT,ZOE,Professionnel, 59,19397,2016,10480
521,RENAULT,ZOE,Professionnel, 30,45433,2016,9290
522,RENAULT,ZOE,Professionnel, 59,47706,2013,10240
523,RENAULT,ZOE,Professionnel, 59,29163,2016,9200
524,RENAULT,ZOE,Professionnel, 93,45109,2015,9450
525,RENAULT,ZOE,Professionnel, 49,41355,2016,11210
526,RENAULT,ZOE,Professionnel, 93,41970,2016,11340
527,RENAULT,ZOE,Professionnel, 49,69368,2014,10440
528,RENAULT,ZOE,Particulier, 07,23634,2014,9940
529,RENAULT,ZOE,Professionnel, 29,23310,2016,9700
530,RENAULT,ZOE,Professionnel, 68,17400,2014,11640
531,RENAULT,ZOE,Professionnel, 34,20295,2016,10130
532,RENAULT,ZOE,Professionnel, 59,18390,2015,10460
533,RENAULT,ZOE,Professionnel, 91,42704,2013,10600
534,RENAULT,ZOE,Professionnel, 59,15987,2014,10120
535,RENAULT,ZOE,Professionnel, 92,33049,2014,11420
536,RENAULT,ZOE,Professionnel, 59,19397,2016,10480
537,RENAULT,ZOE,Professionnel, 30,45433,2016,9290
538,RENAULT,ZOE,Professionnel, 59,47706,2013,10240
539,RENAULT,ZOE,Professionnel, 59,29163,2016,9200
540,RENAULT,ZOE,Professionnel, 93,45109,2015,9450
541,RENAULT,ZOE,Professionnel, 49,41355,2016,11210
542,RENAULT,ZOE,Professionnel, 93,41970,2016,11340
543,RENAULT,ZOE,Professionnel, 49,69368,2014,10440
544,RENAULT,ZOE,Particulier, 07,23634,2014,9940
545,RENAULT,ZOE,Professionnel, 29,23310,2016,9700
546,RENAULT,ZOE,Professionnel, 68,17400,2014,11640
547,RENAULT,ZOE,Professionnel, 34,20295,2016,10130
548,RENAULT,ZOE,Professionnel, 59,18390,2015,10460
549,RENAULT,ZOE,Professionnel, 91,42704,2013,10600
550,RENAULT,ZOE,Professionnel, 59,15987,2014,10120
551,RENAULT,ZOE,Professionnel, 92,33049,2014,11420
552,RENAULT,ZOE,Professionnel, 59,19397,2016,10480
553,RENAULT,ZOE,Professionnel, 30,45433,2016,9290
554,RENAULT,ZOE,Professionnel, 59,47706,2013,10240
555,RENAULT,ZOE,Professionnel, 59,29163,2016,9200
556,RENAULT,ZOE,Professionnel, 93,45109,2015,9450
557,RENAULT,ZOE,Professionnel, 49,41355,2016,11210
558,RENAULT,ZOE,Professionnel, 93,41970,2016,11340
559,RENAULT,ZOE,Professionnel, 49,69368,2014,10440
560,RENAULT,ZOE,Particulier, 07,23634,2014,9940
561,RENAULT,ZOE,Professionnel, 29,23310,2016,9700
562,RENAULT,ZOE,Professionnel, 68,17400,2014,11640
563,RENAULT,ZOE,Professionnel, 34,20295,2016,10130
564,RENAULT,ZOE,Professionnel, 59,18390,2015,10460
565,RENAULT,ZOE,Professionnel, 91,42704,2013,10600
566,RENAULT,ZOE,Professionnel, 59,15987,2014,10120
567,RENAULT,ZOE,Professionnel, 92,33049,2014,11420
568,RENAULT,ZOE,Professionnel, 59,19397,2016,10480
569,RENAULT,ZOE,Professionnel, 30,45433,2016,9290
570,RENAULT,ZOE,Professionnel, 59,47706,2013,10240
571,RENAULT,ZOE,Professionnel, 59,29163,2016,9200
572,RENAULT,ZOE,Professionnel, 93,45109,2015,9450
573,RENAULT,ZOE,Professionnel, 49,41355,2016,11210
574,RENAULT,ZOE,Professionnel, 93,41970,2016,11340
575,RENAULT,ZOE,Professionnel, 49,69368,2014,10440
576,RENAULT,ZOE,Particulier, 07,23634,2014,9940
577,RENAULT,ZOE,Professionnel, 29,23310,2016,9700
578,RENAULT,ZOE,Professionnel, 68,17400,2014,11640
579,RENAULT,ZOE,Professionnel, 34,20295,2016,10130
580,RENAULT,ZOE,Professionnel, 59,18390,2015,10460
581,RENAULT,ZOE,Professionnel, 91,42704,2013,10600
582,RENAULT,ZOE,Professionnel, 59,15987,2014,10120
583,RENAULT,ZOE,Professionnel, 92,33049,2014,11420
584,RENAULT,ZOE,Professionnel, 59,19397,2016,10480
585,RENAULT,ZOE,Professionnel, 30,45433,2016,9290
586,RENAULT,ZOE,Professionnel, 59,47706,2013,10240
587,RENAULT,ZOE,Professionnel, 59,29163,2016,9200
588,RENAULT,ZOE,Professionnel, 93,45109,2015,9450
589,RENAULT,ZOE,Professionnel, 49,41355,2016,11210
590,RENAULT,ZOE,Professionnel, 93,41970,2016,11340
591,RENAULT,ZOE,Professionnel, 49,69368,2014,10440
592,RENAULT,ZOE,Particulier, 07,23634,2014,9940
593,RENAULT,ZOE,Professionnel, 29,23310,2016,9700
594,RENAULT,ZOE,Professionnel, 68,17400,2014,11640
595,RENAULT,ZOE,Professionnel, 34,20295,2016,10130
596,RENAULT,ZOE,Professionnel, 59,18390,2015,10460
597,RENAULT,ZOE,Professionnel, 91,42704,2013,10600
598,RENAULT,ZOE,Professionnel, 59,15987,2014,10120
599,RENAULT,ZOE,Professionnel, 92,33049,2014,11420
600,RENAULT,ZOE,Professionnel, 59,19397,2016,10480
601,RENAULT,ZOE,Professionnel, 30,45433,2016,9290
602,RENAULT,ZOE,Professionnel, 59,47706,2013,10240
603,RENAULT,ZOE,Professionnel, 59,29163,2016,9200
604,RENAULT,ZOE,Professionnel, 93,45109,2015,9450
605,RENAULT,ZOE,Professionnel, 49,41355,2016,11210
606,RENAULT,ZOE,Professionnel, 93,41970,2016,11340
607,RENAULT,ZOE,Professionnel, 49,69368,2014,10440
608,RENAULT,ZOE,Particulier, 07,23634,2014,9940
609,RENAULT,ZOE,Professionnel, 29,23310,2016,9700
610,RENAULT,ZOE,Professionnel, 68,17400,2014,11640
611,RENAULT,ZOE,Professionnel, 34,20295,2016,10130
612,RENAULT,ZOE,Professionnel, 59,18390,2015,10460
613,RENAULT,ZOE,Professionnel, 91,42704,2013,10600
614,RENAULT,ZOE,Professionnel, 59,15987,2014,10120
615,RENAULT,ZOE,Professionnel, 92,33049,2014,11420
616,RENAULT,ZOE,Professionnel, 59,19397,2016,10480
617,RENAULT,ZOE,Professionnel, 30,45433,2016,9290
618,RENAULT,ZOE,Professionnel, 59,47706,2013,10240
619,RENAULT,ZOE,Professionnel, 59,29163,2016,9200
620,RENAULT,ZOE,Professionnel, 93,45109,2015,9450
621,RENAULT,ZOE,Professionnel, 49,41355,2016,11210
622,RENAULT,ZOE,Professionnel, 93,41970,2016,11340
623,RENAULT,ZOE,Professionnel, 49,69368,2014,10440
624,RENAULT,ZOE,Particulier, 07,23634,2014,9940
625,RENAULT,ZOE,Professionnel, 29,23310,2016,9700
626,RENAULT,ZOE,Professionnel, 68,17400,2014,11640
627,RENAULT,ZOE,Professionnel, 34,20295,2016,10130
628,RENAULT,ZOE,Professionnel, 59,18390,2015,10460
629,RENAULT,ZOE,Professionnel, 91,42704,2013,10600
630,RENAULT,ZOE,Professionnel, 59,15987,2014,10120
631,RENAULT,ZOE,Professionnel, 92,33049,2014,11420
632,RENAULT,ZOE,Professionnel, 59,19397,2016,10480
633,RENAULT,ZOE,Professionnel, 30,45433,2016,9290
634,RENAULT,ZOE,Professionnel, 59,47706,2013,10240
635,RENAULT,ZOE,Professionnel, 59,29163,2016,9200
636,RENAULT,ZOE,Professionnel, 93,45109,2015,9450
637,RENAULT,ZOE,Professionnel, 49,41355,2016,11210
638,RENAULT,ZOE,Professionnel, 93,41970,2016,11340
639,RENAULT,ZOE,Professionnel, 49,69368,2014,10440
640,RENAULT,ZOE,Particulier, 07,23634,2014,9940
641,RENAULT,ZOE,Professionnel, 29,23310,2016,9700
642,RENAULT,ZOE,Professionnel, 68,17400,2014,11640
643,RENAULT,ZOE,Professionnel, 34,20295,2016,10130
644,RENAULT,ZOE,Professionnel, 59,18390,2015,10460
645,RENAULT,ZOE,Professionnel, 91,42704,2013,10600
646,RENAULT,ZOE,Professionnel, 59,15987,2014,10120
647,RENAULT,ZOE,Professionnel, 92,33049,2014,11420
648,RENAULT,ZOE,Professionnel, 59,19397,2016,10480
649,RENAULT,ZOE,Professionnel, 30,45433,2016,9290
650,RENAULT,ZOE,Professionnel, 59,47706,2013,10240
651,RENAULT,ZOE,Professionnel, 59,29163,2016,9200
652,RENAULT,ZOE,Professionnel, 93,45109,2015,9450
653,RENAULT,ZOE,Professionnel, 49,41355,2016,11210
654,RENAULT,ZOE,Professionnel, 93,41970,2016,11340
655,RENAULT,ZOE,Professionnel, 49,69368,2014,10440
656,RENAULT,ZOE,Particulier, 07,23634,2014,9940
657,RENAULT,ZOE,Professionnel, 29,23310,2016,9700
658,RENAULT,ZOE,Professionnel, 68,17400,2014,11640
659,RENAULT,ZOE,Professionnel, 34,20295,2016,10130
660,RENAULT,ZOE,Professionnel, 59,18390,2015,10460
661,RENAULT,ZOE,Professionnel, 91,42704,2013,10600
662,RENAULT,ZOE,Professionnel, 59,15987,2014,10120
663,RENAULT,ZOE,Professionnel, 92,33049,2014,11420
664,RENAULT,ZOE,Professionnel, 59,19397,2016,10480
665,RENAULT,ZOE,Professionnel, 30,45433,2016,9290
666,RENAULT,ZOE,Professionnel, 59,47706,2013,10240
667,RENAULT,ZOE,Professionnel, 59,29163,2016,9200
668,RENAULT,ZOE,Professionnel, 93,45109,2015,9450
669,RENAULT,ZOE,Professionnel, 49,41355,2016,11210
670,RENAULT,ZOE,Professionnel, 93,41970,2016,11340
671,RENAULT,ZOE,Professionnel, 49,69368,2014,10440
672,RENAULT,ZOE,Particulier, 07,23634,2014,9940
673,RENAULT,ZOE,Professionnel, 29,23310,2016,9700
674,RENAULT,ZOE,Professionnel, 68,17400,2014,11640
675,RENAULT,ZOE,Professionnel, 34,20295,2016,10130
676,RENAULT,ZOE,Professionnel, 59,18390,2015,10460
677,RENAULT,ZOE,Professionnel, 91,42704,2013,10600
678,RENAULT,ZOE,Professionnel, 59,15987,2014,10120
679,RENAULT,ZOE,Professionnel, 92,33049,2014,11420
680,RENAULT,ZOE,Professionnel, 59,19397,2016,10480
681,RENAULT,ZOE,Professionnel, 30,45433,2016,9290
682,RENAULT,ZOE,Professionnel, 59,47706,2013,10240
683,RENAULT,ZOE,Professionnel, 59,29163,2016,9200
684,RENAULT,ZOE,Professionnel, 93,45109,2015,9450
685,RENAULT,ZOE,Professionnel, 49,41355,2016,11210
686,RENAULT,ZOE,Professionnel, 93,41970,2016,11340
687,RENAULT,ZOE,Professionnel, 49,69368,2014,10440
688,RENAULT,ZOE,Particulier, 07,23634,2014,9940
689,RENAULT,ZOE,Professionnel, 29,23310,2016,9700
690,RENAULT,ZOE,Professionnel, 68,17400,2014,11640
691,RENAULT,ZOE,Professionnel, 34,20295,2016,10130
692,RENAULT,ZOE,Professionnel, 59,18390,2015,10460
693,RENAULT,ZOE,Professionnel, 91,42704,2013,10600
694,RENAULT,ZOE,Professionnel, 59,15987,2014,10120
695,RENAULT,ZOE,Professionnel, 92,33049,2014,11420
696,RENAULT,ZOE,Professionnel, 59,19397,2016,10480
697,RENAULT,ZOE,Professionnel, 30,45433,2016,9290
698,RENAULT,ZOE,Professionnel, 59,47706,2013,10240
699,RENAULT,ZOE,Professionnel, 59,29163,2016,9200
700,RENAULT,ZOE,Professionnel, 93,45109,2015,9450
701,RENAULT,ZOE,Professionnel, 49,41355,2016,11210
702,RENAULT,ZOE,Professionnel, 93,41970,2016,11340
703,RENAULT,ZOE,Professionnel, 49,69368,2014,10440
704,RENAULT,ZOE,Particulier, 07,23634,2014,9940
705,RENAULT,ZOE,Professionnel, 29,23310,2016,9700
706,RENAULT,ZOE,Professionnel, 68,17400,2014,11640
707,RENAULT,ZOE,Professionnel, 34,20295,2016,10130
708,RENAULT,ZOE,Professionnel, 59,18390,2015,10460
709,RENAULT,ZOE,Professionnel, 91,42704,2013,10600
710,RENAULT,ZOE,Professionnel, 59,15987,2014,10120
711,RENAULT,ZOE,Professionnel, 92,33049,2014,11420
712,RENAULT,ZOE,Professionnel, 59,19397,2016,10480
713,RENAULT,ZOE,Professionnel, 30,45433,2016,9290
714,RENAULT,ZOE,Professionnel, 59,47706,2013,10240
715,RENAULT,ZOE,Professionnel, 59,29163,2016,9200
716,RENAULT,ZOE,Professionnel, 93,45109,2015,9450
717,RENAULT,ZOE,Professionnel, 49,41355,2016,11210
718,RENAULT,ZOE,Professionnel, 93,41970,2016,11340
719,RENAULT,ZOE,Professionnel, 49,69368,2014,10440
720,RENAULT,ZOE,Particulier, 07,23634,2014,9940
721,RENAULT,ZOE,Professionnel, 29,23310,2016,9700
722,RENAULT,ZOE,Professionnel, 68,17400,2014,11640
723,RENAULT,ZOE,Professionnel, 34,20295,2016,10130
724,RENAULT,ZOE,Professionnel, 59,18390,2015,10460
725,RENAULT,ZOE,Professionnel, 91,42704,2013,10600
726,RENAULT,ZOE,Professionnel, 59,15987,2014,10120
727,RENAULT,ZOE,Professionnel, 92,33049,2014,11420
728,RENAULT,ZOE,Professionnel, 59,19397,2016,10480
729,RENAULT,ZOE,Professionnel, 30,45433,2016,9290
730,RENAULT,ZOE,Professionnel, 59,47706,2013,10240
731,RENAULT,ZOE,Professionnel, 59,29163,2016,9200
732,RENAULT,ZOE,Professionnel, 93,45109,2015,9450
733,RENAULT,ZOE,Professionnel, 49,41355,2016,11210
734,RENAULT,ZOE,Professionnel, 93,41970,2016,11340
735,RENAULT,ZOE,Professionnel, 49,69368,2014,10440
736,RENAULT,ZOE,Particulier, 07,23634,2014,9940
737,RENAULT,ZOE,Professionnel, 29,23310,2016,9700
738,RENAULT,ZOE,Professionnel, 68,17400,2014,11640
739,RENAULT,ZOE,Professionnel, 34,20295,2016,10130
740,RENAULT,ZOE,Professionnel, 59,18390,2015,10460
741,RENAULT,ZOE,Professionnel, 91,42704,2013,10600
742,RENAULT,ZOE,Professionnel, 59,15987,2014,10120
743,RENAULT,ZOE,Professionnel, 92,33049,2014,11420
744,RENAULT,ZOE,Professionnel, 59,19397,2016,10480
745,RENAULT,ZOE,Professionnel, 30,45433,2016,9290
746,RENAULT,ZOE,Professionnel, 59,47706,2013,10240
747,RENAULT,ZOE,Professionnel, 59,29163,2016,9200
748,RENAULT,ZOE,Professionnel, 93,45109,2015,9450
749,RENAULT,ZOE,Professionnel, 49,41355,2016,11210
750,RENAULT,ZOE,Professionnel, 93,41970,2016,11340
751,RENAULT,ZOE,Professionnel, 49,69368,2014,10440
752,RENAULT,ZOE,Particulier, 07,23634,2014,9940
753,RENAULT,ZOE,Professionnel, 29,23310,2016,9700
754,RENAULT,ZOE,Professionnel, 68,17400,2014,11640
755,RENAULT,ZOE,Professionnel, 34,20295,2016,10130
756,RENAULT,ZOE,Professionnel, 59,18390,2015,10460
757,RENAULT,ZOE,Professionnel, 91,42704,2013,10600
758,RENAULT,ZOE,Professionnel, 59,15987,2014,10120
759,RENAULT,ZOE,Professionnel, 92,33049,2014,11420
760,RENAULT,ZOE,Professionnel, 59,19397,2016,10480
761,RENAULT,ZOE,Professionnel, 30,45433,2016,9290
762,RENAULT,ZOE,Professionnel, 59,47706,2013,10240
763,RENAULT,ZOE,Professionnel, 59,29163,2016,9200
764,RENAULT,ZOE,Professionnel, 93,45109,2015,9450
765,RENAULT,ZOE,Professionnel, 49,41355,2016,11210
766,RENAULT,ZOE,Professionnel, 93,41970,2016,11340
767,RENAULT,ZOE,Professionnel, 49,69368,2014,10440
768,RENAULT,ZOE,Particulier, 07,23634,2014,9940
769,RENAULT,ZOE,Professionnel, 29,23310,2016,9700
770,RENAULT,ZOE,Professionnel, 68,17400,2014,11640
771,RENAULT,ZOE,Professionnel, 34,20295,2016,10130
772,RENAULT,ZOE,Professionnel, 59,18390,2015,10460
773,RENAULT,ZOE,Professionnel, 91,42704,2013,10600
774,RENAULT,ZOE,Professionnel, 59,15987,2014,10120
775,RENAULT,ZOE,Professionnel, 92,33049,2014,11420
776,RENAULT,ZOE,Professionnel, 59,19397,2016,10480
777,RENAULT,ZOE,Professionnel, 30,45433,2016,9290
778,RENAULT,ZOE,Professionnel, 59,47706,2013,10240
779,RENAULT,ZOE,Professionnel, 59,29163,2016,9200
780,RENAULT,ZOE,Professionnel, 93,45109,2015,9450
781,RENAULT,ZOE,Professionnel, 49,41355,2016,11210
782,RENAULT,ZOE,Professionnel, 93,41970,2016,11340
783,RENAULT,ZOE,Professionnel, 49,69368,2014,10440
784,RENAULT,ZOE,Particulier, 07,23634,2014,9940
785,RENAULT,ZOE,Professionnel, 29,23310,2016,9700
786,RENAULT,ZOE,Professionnel, 68,17400,2014,11640
787,RENAULT,ZOE,Professionnel, 34,20295,2016,10130
788,RENAULT,ZOE,Professionnel, 59,18390,2015,10460
789,RENAULT,ZOE,Professionnel, 91,42704,2013,10600
790,RENAULT,ZOE,Professionnel, 59,15987,2014,10120
791,RENAULT,ZOE,Professionnel, 92,33049,2014,11420
792,RENAULT,ZOE,Professionnel, 59,19397,2016,10480
793,RENAULT,ZOE,Professionnel, 30,45433,2016,9290
794,RENAULT,ZOE,Professionnel, 59,47706,2013,10240
795,RENAULT,ZOE,Professionnel, 59,29163,2016,9200
796,RENAULT,ZOE,Professionnel, 93,45109,2015,9450
797,RENAULT,ZOE,Professionnel, 49,41355,2016,11210
798,RENAULT,ZOE,Professionnel, 93,41970,2016,11340
799,RENAULT,ZOE,Professionnel, 49,69368,2014,10440
800,RENAULT,ZOE,Particulier, 07,23634,2014,9940
801,RENAULT,ZOE,Professionnel, 29,23310,2016,9700
802,RENAULT,ZOE,Professionnel, 68,17400,2014,11640
803,RENAULT,ZOE,Professionnel, 34,20295,2016,10130
804,RENAULT,ZOE,Professionnel, 59,18390,2015,10460
805,RENAULT,ZOE,Professionnel, 91,42704,2013,10600
806,RENAULT,ZOE,Professionnel, 59,15987,2014,10120
807,RENAULT,ZOE,Professionnel, 92,33049,2014,11420
808,RENAULT,ZOE,Professionnel, 59,19397,2016,10480
809,RENAULT,ZOE,Professionnel, 30,45433,2016,9290
810,RENAULT,ZOE,Professionnel, 59,47706,2013,10240
811,RENAULT,ZOE,Professionnel, 59,29163,2016,9200
812,RENAULT,ZOE,Professionnel, 93,45109,2015,9450
813,RENAULT,ZOE,Professionnel, 49,41355,2016,11210
814,RENAULT,ZOE,Professionnel, 93,41970,2016,11340
815,RENAULT,ZOE,Professionnel, 49,69368,2014,10440
816,RENAULT,ZOE,Particulier, 07,23634,2014,9940
817,RENAULT,ZOE,Professionnel, 29,23310,2016,9700
818,RENAULT,ZOE,Professionnel, 68,17400,2014,11640
819,RENAULT,ZOE,Professionnel, 34,20295,2016,10130
820,RENAULT,ZOE,Professionnel, 59,18390,2015,10460
821,RENAULT,ZOE,Professionnel, 91,42704,2013,10600
822,RENAULT,ZOE,Professionnel, 59,15987,2014,10120
823,RENAULT,ZOE,Professionnel, 92,33049,2014,11420
824,RENAULT,ZOE,Professionnel, 59,19397,2016,10480
825,RENAULT,ZOE,Professionnel, 30,45433,2016,9290
826,RENAULT,ZOE,Professionnel, 59,47706,2013,10240
827,RENAULT,ZOE,Professionnel, 59,29163,2016,9200
828,RENAULT,ZOE,Professionnel, 93,45109,2015,9450
829,RENAULT,ZOE,Professionnel, 49,41355,2016,11210
830,RENAULT,ZOE,Professionnel, 93,41970,2016,11340
831,RENAULT,ZOE,Professionnel, 49,69368,2014,10440
832,RENAULT,ZOE,Particulier, 07,23634,2014,9940
833,RENAULT,ZOE,Professionnel, 29,23310,2016,9700
834,RENAULT,ZOE,Professionnel, 68,17400,2014,11640
835,RENAULT,ZOE,Professionnel, 34,20295,2016,10130
836,RENAULT,ZOE,Professionnel, 59,18390,2015,10460
837,RENAULT,ZOE,Professionnel, 91,42704,2013,10600
838,RENAULT,ZOE,Professionnel, 59,15987,2014,10120
839,RENAULT,ZOE,Professionnel, 92,33049,2014,11420
840,RENAULT,ZOE,Professionnel, 59,19397,2016,10480
841,RENAULT,ZOE,Professionnel, 30,45433,2016,9290
842,RENAULT,ZOE,Professionnel, 59,47706,2013,10240
843,RENAULT,ZOE,Professionnel, 59,29163,2016,9200
844,RENAULT,ZOE,Professionnel, 93,45109,2015,9450
845,RENAULT,ZOE,Professionnel, 49,41355,2016,11210
846,RENAULT,ZOE,Professionnel, 93,41970,2016,11340
847,RENAULT,ZOE,Professionnel, 49,69368,2014,10440
848,RENAULT,ZOE,Particulier, 07,23634,2014,9940
849,RENAULT,ZOE,Professionnel, 29,23310,2016,9700
850,RENAULT,ZOE,Professionnel, 68,17400,2014,11640
851,RENAULT,ZOE,Professionnel, 34,20295,2016,10130
852,RENAULT,ZOE,Professionnel, 59,18390,2015,10460
853,RENAULT,ZOE,Professionnel, 91,42704,2013,10600
854,RENAULT,ZOE,Professionnel, 59,15987,2014,10120
855,RENAULT,ZOE,Professionnel, 92,33049,2014,11420
856,RENAULT,ZOE,Professionnel, 59,19397,2016,10480
857,RENAULT,ZOE,Professionnel, 30,45433,2016,9290
858,RENAULT,ZOE,Professionnel, 59,47706,2013,10240
859,RENAULT,ZOE,Professionnel, 59,29163,2016,9200
860,RENAULT,ZOE,Professionnel, 93,45109,2015,9450
861,RENAULT,ZOE,Professionnel, 49,41355,2016,11210
862,RENAULT,ZOE,Professionnel, 93,41970,2016,11340
863,RENAULT,ZOE,Professionnel, 49,69368,2014,10440
864,RENAULT,ZOE,Particulier, 07,23634,2014,9940
865,RENAULT,ZOE,Professionnel, 29,23310,2016,9700
866,RENAULT,ZOE,Professionnel, 68,17400,2014,11640
867,RENAULT,ZOE,Professionnel, 34,20295,2016,10130
868,RENAULT,ZOE,Professionnel, 59,18390,2015,10460
869,RENAULT,ZOE,Professionnel, 91,42704,2013,10600
870,RENAULT,ZOE,Professionnel, 59,15987,2014,10120
871,RENAULT,ZOE,Professionnel, 92,33049,2014,11420
872,RENAULT,ZOE,Professionnel, 59,19397,2016,10480
873,RENAULT,ZOE,Professionnel, 30,45433,2016,9290
874,RENAULT,ZOE,Professionnel, 59,47706,2013,10240
875,RENAULT,ZOE,Professionnel, 59,29163,2016,9200
876,RENAULT,ZOE,Professionnel, 93,45109,2015,9450
877,RENAULT,ZOE,Professionnel, 49,41355,2016,11210
878,RENAULT,ZOE,Professionnel, 93,41970,2016,11340
879,RENAULT,ZOE,Professionnel, 49,69368,2014,10440
880,RENAULT,ZOE,Particulier, 07,23634,2014,9940
881,RENAULT,ZOE,Professionnel, 29,23310,2016,9700
882,RENAULT,ZOE,Professionnel, 68,17400,2014,11640
883,RENAULT,ZOE,Professionnel, 34,20295,2016,10130
884,RENAULT,ZOE,Professionnel, 59,18390,2015,10460
885,RENAULT,ZOE,Professionnel, 91,42704,2013,10600
886,RENAULT,ZOE,Professionnel, 59,15987,2014,10120
887,RENAULT,ZOE,Professionnel, 92,33049,2014,11420
888,RENAULT,ZOE,Professionnel, 59,19397,2016,10480
889,RENAULT,ZOE,Professionnel, 30,45433,2016,9290
890,RENAULT,ZOE,Professionnel, 59,47706,2013,10240
891,RENAULT,ZOE,Professionnel, 59,29163,2016,9200
892,RENAULT,ZOE,Professionnel, 93,45109,2015,9450
893,RENAULT,ZOE,Professionnel, 49,41355,2016,11210
894,RENAULT,ZOE,Professionnel, 93,41970,2016,11340
895,RENAULT,ZOE,Professionnel, 49,69368,2014,10440
896,RENAULT,ZOE,Particulier, 07,23634,2014,9940
897,RENAULT,ZOE,Professionnel, 29,23310,2016,9700
898,RENAULT,ZOE,Professionnel, 68,17400,2014,11640
899,RENAULT,ZOE,Professionnel, 34,20295,2016,10130
900,RENAULT,ZOE,Professionnel, 59,18390,2015,10460
901,RENAULT,ZOE,Professionnel, 91,42704,2013,10600
902,RENAULT,ZOE,Professionnel, 59,15987,2014,10120
903,RENAULT,ZOE,Professionnel, 92,33049,2014,11420
904,RENAULT,ZOE,Professionnel, 59,19397,2016,10480
905,RENAULT,ZOE,Professionnel, 30,45433,2016,9290
906,RENAULT,ZOE,Professionnel, 59,47706,2013,10240
907,RENAULT,ZOE,Professionnel, 59,29163,2016,9200
908,RENAULT,ZOE,Professionnel, 93,45109,2015,9450
909,RENAULT,ZOE,Professionnel, 49,41355,2016,11210
910,RENAULT,ZOE,Professionnel, 93,41970,2016,11340
911,RENAULT,ZOE,Professionnel, 49,69368,2014,10440
912,RENAULT,ZOE,Particulier, 07,23634,2014,9940
913,RENAULT,ZOE,Professionnel, 29,23310,2016,9700
914,RENAULT,ZOE,Professionnel, 68,17400,2014,11640
915,RENAULT,ZOE,Professionnel, 34,20295,2016,10130
916,RENAULT,ZOE,Professionnel, 59,18390,2015,10460
917,RENAULT,ZOE,Professionnel, 91,42704,2013,10600
918,RENAULT,ZOE,Professionnel, 59,15987,2014,10120
919,RENAULT,ZOE,Professionnel, 92,33049,2014,11420
920,RENAULT,ZOE,Professionnel, 59,19397,2016,10480
921,RENAULT,ZOE,Professionnel, 30,45433,2016,9290
922,RENAULT,ZOE,Professionnel, 59,47706,2013,10240
923,RENAULT,ZOE,Professionnel, 59,29163,2016,9200
924,RENAULT,ZOE,Professionnel, 93,45109,2015,9450
925,RENAULT,ZOE,Professionnel, 49,41355,2016,11210
926,RENAULT,ZOE,Professionnel, 93,41970,2016,11340
927,RENAULT,ZOE,Professionnel, 49,69368,2014,10440
928,RENAULT,ZOE,Particulier, 07,23634,2014,9940
929,RENAULT,ZOE,Professionnel, 29,23310,2016,9700
930,RENAULT,ZOE,Professionnel, 68,17400,2014,11640
931,RENAULT,ZOE,Professionnel, 34,20295,2016,10130
932,RENAULT,ZOE,Professionnel, 59,18390,2015,10460
933,RENAULT,ZOE,Professionnel, 91,42704,2013,10600
934,RENAULT,ZOE,Professionnel, 59,15987,2014,10120
935,RENAULT,ZOE,Professionnel, 92,33049,2014,11420
936,RENAULT,ZOE,Professionnel, 59,19397,2016,10480
937,RENAULT,ZOE,Professionnel, 30,45433,2016,9290
938,RENAULT,ZOE,Professionnel, 59,47706,2013,10240
939,RENAULT,ZOE,Professionnel, 59,29163,2016,9200
940,RENAULT,ZOE,Professionnel, 93,45109,2015,9450
941,RENAULT,ZOE,Professionnel, 49,41355,2016,11210
942,RENAULT,ZOE,Professionnel, 93,41970,2016,11340
943,RENAULT,ZOE,Professionnel, 49,69368,2014,10440
